{"cameraMode":{"drawMode":0,"name":"Shaded","section":"Shading Mode"},"sceneLighting":false,"audioPlay":false,"sceneViewState":{"m_AlwaysRefresh":false,"showFog":true,"showSkybox":false,"showFlares":true,"showImageEffects":true,"showParticleSystems":true,"showVisualEffectGraphs":true,"m_FxEnabled":true},"in2DMode":false,"pivot":{"x":-2.1872453689575197,"y":0.940263032913208,"z":0.2874680459499359},"rotation":{"x":0.14460164308547975,"y":-0.7631558775901794,"z":0.18312059342861176,"w":0.6026262640953064},"size":3.3273136615753176,"orthographic":false}