{"cameraMode":{"drawMode":0,"name":"Shaded","section":"Shading Mode"},"sceneLighting":false,"audioPlay":false,"sceneViewState":{"m_AlwaysRefresh":false,"showFog":true,"showSkybox":false,"showFlares":true,"showImageEffects":true,"showParticleSystems":true,"showVisualEffectGraphs":true,"m_FxEnabled":true},"in2DMode":false,"pivot":{"x":-13.709699630737305,"y":-0.0323677659034729,"z":3.0729525089263918},"rotation":{"x":0.11756069213151932,"y":-0.6554131507873535,"z":0.10429779440164566,"w":0.738756000995636},"size":1.2750000953674317,"orthographic":false}